City,Latitude,Longitude,Temperature Max,Humidity,Cloudiness,Windspeed,Country,Date
Villacarrillo,38.1156,-3.0848,8.84,96,98,1.88,ES,1612226588
Creston,41.0586,-94.3614,-5.0,100,90,2.06,US,1612226588
Herat Province,34.5,62.0,5.02,66,0,4.47,AF,1612226588
Tuktoyaktuk,69.4541,-133.0374,-24.0,84,90,4.12,CA,1612226204
Faanui,-16.4833,-151.75,27.5,76,60,6.56,PF,1612226201
Atuona,-9.8,-139.0333,25.85,76,3,6.3,PF,1612226157
Nikolskoye,59.7035,30.7861,-3.0,86,75,2.0,RU,1612226170
Santomera,38.0615,-1.0488,16.67,58,100,4.02,ES,1612226589
Bredasdorp,-34.5322,20.0403,17.0,63,0,3.6,ZA,1612226165
Sinnamary,5.3833,-52.95,25.11,82,58,6.23,GF,1612226164
Hilo,19.7297,-155.09,27.0,50,20,4.63,US,1612225996
Chui,-33.6971,-53.4616,21.88,92,99,5.17,UY,1612226214
Vaini,-21.2,-175.2,27.0,83,75,13.89,TO,1612226169
Mataura,-46.1927,168.8643,25.65,35,100,2.0,NZ,1612226159
Ushuaia,-54.8,-68.3,9.0,81,75,9.26,AR,1612226314
Butaritari,3.0707,172.7902,27.49,84,99,7.15,KI,1612226206
Punta Arenas,-53.15,-70.9167,12.0,71,90,7.2,CL,1612226156
Rikitea,-23.1203,-134.9692,25.95,75,100,6.64,PF,1612226191
Chuguyevka,44.1653,133.8633,-22.71,85,100,4.63,RU,1612226593
Kamogawa,35.1,140.1,13.0,88,75,6.17,JP,1612226594
Busselton,-33.65,115.3333,25.56,51,0,4.12,AU,1612226163
Albany,42.6001,-73.9662,-4.44,81,100,0.89,US,1612226166
Port Elizabeth,-33.918,25.5701,16.0,67,20,2.06,ZA,1612226182
Hermanus,-34.4187,19.2345,17.78,72,0,4.92,ZA,1612226163
Kavieng,-2.5744,150.7967,28.88,75,100,5.77,PG,1612226202
Omsukchan,62.5333,155.8,-35.27,80,100,2.2,RU,1612226596
Itaueira,-7.6033,-43.0256,21.96,94,83,3.47,BR,1612226596
Luganville,-15.5333,167.1667,29.43,71,100,7.46,VU,1612226255
Port Alfred,-33.5906,26.891,16.11,79,47,1.79,ZA,1612226163
Price,39.5994,-110.8107,2.0,55,40,0.13,US,1612226597
Lüderitz,-26.6481,15.1594,17.42,78,0,6.45,NA,1612226189
Yellowknife,62.456,-114.3525,-20.0,71,90,5.66,CA,1612226015
Lorengau,-2.0226,147.2712,28.38,77,100,5.13,PG,1612226161
Karakol,42.4907,78.3936,-1.85,96,100,0.9,KG,1612226599
Kapaa,22.0752,-159.319,24.0,83,20,7.2,US,1612226209
New Norfolk,-42.7826,147.0587,20.0,42,76,1.79,AU,1612226168
Qaanaaq,77.484,-69.3632,-22.69,74,82,1.97,GL,1612226160
Puerto Ayora,-0.7393,-90.3518,25.56,90,33,1.79,EC,1612225870
Tsabong,-26.0217,22.401,22.78,65,0,3.84,BW,1612226600
Hobart,-42.8794,147.3294,20.0,42,40,4.63,AU,1612226166
Sangar,63.9242,127.4739,-45.06,76,82,2.38,RU,1612226184
Arraial do Cabo,-22.9661,-42.0278,24.8,86,100,10.41,BR,1612226190
Iqaluit,63.7506,-68.5145,-27.0,63,75,2.06,CA,1612226251
Sitka,57.0531,-135.33,2.0,75,90,5.66,US,1612226277
Avarua,-21.2078,-159.775,28.0,74,20,4.63,CK,1612226164
Namatanai,-3.6667,152.4333,27.16,81,100,2.8,PG,1612226275
Kahului,20.8947,-156.47,27.0,57,40,9.26,US,1612226173
Laguna,38.421,-121.4238,20.0,37,1,5.14,US,1612226603
Puksoozero,62.5903,40.6066,-8.24,97,100,2.62,RU,1612226604
Tessalit,20.1986,1.0114,17.23,29,0,3.56,ML,1612226171
Puerto Escondido,15.85,-97.0667,27.0,78,40,2.57,MX,1612226279
Saskylakh,71.9167,114.0833,-36.1,83,98,3.17,RU,1612226229
Dikson,73.5069,80.5464,-26.44,84,97,7.63,RU,1612226193
Abu Samrah,35.3029,37.1841,8.25,76,0,4.27,SY,1612226605
Mahébourg,-20.4081,57.7,27.0,83,75,5.14,MU,1612226125
Jamestown,42.097,-79.2353,-3.33,93,90,4.12,US,1612226153
São João da Barra,-21.6403,-41.0511,25.33,83,100,7.88,BR,1612226191
Iwaki,37.05,140.8833,11.67,76,75,3.09,JP,1612226551
La Paz,-16.5,-68.15,10.0,76,75,3.09,BO,1612226518
Severo-Kuril'sk,50.6789,156.125,-6.79,89,100,2.53,RU,1612225925
Avera,33.194,-82.5271,4.44,70,1,5.66,US,1612226217
Westport,41.1415,-73.3579,0.0,93,90,13.38,US,1612226129
Meulaboh,4.1363,96.1285,24.72,86,25,2.22,ID,1612226266
The Valley,18.217,-63.0578,26.11,78,20,7.2,AI,1612226384
George Town,5.4112,100.3354,26.67,83,20,1.03,MY,1612226181
Cherskiy,68.75,161.3,-13.91,92,100,3.21,RU,1612226194
Hithadhoo,-0.6,73.0833,27.76,72,38,1.4,MV,1612226034
Ahipara,-35.1667,173.1667,22.65,53,0,1.59,NZ,1612226263
Oussouye,12.485,-16.5469,22.0,94,0,2.47,SN,1612226609
Puerto Ayacucho,5.6639,-67.6236,27.18,62,100,1.56,VE,1612226610
Airai,-8.9266,125.4092,20.81,92,79,1.32,TL,1612226185
Hong Kong,22.2855,114.1577,20.56,84,0,2.0,HK,1612226190
Ürümqi,43.801,87.6005,-14.0,92,17,0.84,CN,1612226367
Comodoro Rivadavia,-45.8667,-67.5,24.0,43,0,2.57,AR,1612225949
Carnarvon,-24.8667,113.6333,30.0,54,90,7.72,AU,1612226233
San Luis,-33.295,-66.3356,16.08,73,92,4.49,AR,1612226574
Panabá,21.2833,-88.2667,17.35,77,1,4.37,MX,1612226612
Clyde River,70.4692,-68.5914,-30.0,63,1,4.12,CA,1612226177
Gornopravdinsk,60.05,69.9,-9.64,96,100,3.94,RU,1612226279
Mae Sot,16.7167,98.5667,18.0,94,0,0.18,TH,1612226613
Inírida,3.8653,-67.9239,24.28,94,100,0.82,CO,1612226613
Zabul Province,32.25,67.25,3.99,72,100,3.55,AF,1612226613
Haines Junction,60.7522,-137.5108,-20.0,65,100,4.12,CA,1612226281
Krasnosel'kup,65.7,82.4667,-24.74,88,100,7.32,RU,1612226614
Ixtapa,20.7,-105.2,23.0,83,20,3.6,MX,1612226614
Adrar,20.5022,-10.0711,20.21,21,100,3.78,MR,1612226264
Nome,64.5011,-165.4064,-14.0,56,90,11.83,US,1612226187
Pijijiapan,15.7011,-93.23,28.17,43,13,5.17,MX,1612226615
Pottendorf,47.9,16.3833,-0.56,86,0,2.57,AT,1612226615
Buala,-8.145,159.5921,28.24,82,87,6.64,SB,1612226277
Fairbanks,64.8378,-147.7164,-23.0,59,1,4.12,US,1612226114
The Pas,53.8251,-101.2541,-8.0,86,90,7.2,CA,1612226616
Castro,-24.7911,-50.0119,19.21,95,100,1.77,BR,1612226155
Okhotsk,59.3833,143.3,-26.94,88,100,6.01,RU,1612226617
Port-Gentil,-0.7193,8.7815,27.3,78,100,3.83,GA,1612226617
Vanavara,60.34,102.2797,-38.6,81,0,1.13,RU,1612226248
Hamilton,39.1834,-84.5333,-2.0,74,90,4.63,US,1612226007
Codrington,-38.2667,141.9667,15.68,63,100,5.76,AU,1612226283
Bahía Solano,6.2262,-77.4044,26.02,82,89,1.54,CO,1612226618
Vostok,46.4856,135.8833,-30.06,85,98,2.78,RU,1612226162
Poções,-14.5297,-40.3653,18.41,98,49,2.75,BR,1612226618
Thinadhoo,0.5333,72.9333,28.02,71,91,2.69,MV,1612226619
Severo-Yeniseyskiy,60.3725,93.0408,-28.42,84,75,0.94,RU,1612226619
Brownsville,25.9018,-97.4975,17.0,51,1,3.6,US,1612226619
Leon Valley,29.4952,-98.6186,18.0,22,1,3.09,US,1612226619
Le Port,-20.9373,55.2919,25.0,88,75,7.72,RE,1612226295
Ponta do Sol,32.6667,-17.1,15.0,70,7,1.34,PT,1612226155
Mar del Plata,-38.0023,-57.5575,19.44,72,75,4.63,AR,1612226210
Cape Town,-33.9258,18.4232,18.33,59,0,2.57,ZA,1612226118
Nizwá,22.9333,57.5333,11.14,61,0,0.75,OM,1612226209
Lahat,-3.8,103.5333,24.75,87,50,1.41,ID,1612226461
Shāhpur,16.7,76.8333,17.17,68,0,2.06,IN,1612226621
Honiara,-9.4333,159.95,26.66,83,100,5.51,SB,1612226621
Tautira,-17.7333,-149.15,30.0,62,20,2.57,PF,1612226298
Umluj,25.0213,37.2685,23.53,66,99,2.4,SA,1612226622
Longyearbyen,78.2186,15.6401,-8.0,73,90,3.6,SJ,1612226187
Saint-Philippe,-21.3585,55.7679,26.0,83,90,4.05,RE,1612226176
Kalmunai,7.4167,81.8167,24.73,85,61,2.24,LK,1612225966
Luz,-19.8014,-45.6856,21.22,90,100,2.49,BR,1612226623
Vardø,70.3705,31.1107,-2.52,92,100,7.27,NO,1612226255
Mitha Tiwana,32.2486,72.1108,11.15,42,30,0.3,PK,1612226623
Poum,-20.2333,164.0167,24.27,90,100,11.53,NC,1612226274
Khandyga,62.6667,135.6,-47.09,76,99,0.42,RU,1612226624
Angoche,-16.2325,39.9086,24.95,82,0,4.31,MZ,1612226624
Itupiranga,-5.1347,-49.3267,23.72,94,51,1.33,BR,1612226624
Alta Floresta,-9.8756,-56.0861,23.21,88,88,0.12,BR,1612226402
Auki,-8.7676,160.7034,28.45,80,79,6.42,SB,1612226240
Pevek,69.7008,170.3133,-15.01,90,100,9.42,RU,1612226253
Bluff,-46.6,168.3333,18.1,67,96,1.12,NZ,1612226164
Kamiiso,41.8167,140.65,1.0,69,75,8.23,JP,1612226625
Yulara,-25.2406,130.9889,28.0,30,92,7.2,AU,1612226537
Ribeira Grande,38.5167,-28.7,13.42,81,100,9.74,PT,1612226154
Rexburg,43.826,-111.7897,-0.56,59,90,1.21,US,1612226626
Thompson,55.7435,-97.8558,-10.0,92,75,1.54,CA,1612226163
Beringovskiy,63.05,179.3167,0.25,97,98,4.26,RU,1612226627
Upernavik,72.7868,-56.1549,-17.74,91,100,2.77,GL,1612226159
Bria,6.5423,21.9863,24.32,28,85,0.72,CF,1612226627
Praia da Vitória,38.7333,-27.0667,15.0,82,75,5.99,PT,1612226536
Boende,-0.2167,20.8667,23.06,83,6,1.27,CD,1612226628
Puerto Asís,0.5133,-76.5007,23.89,84,100,1.0,CO,1612226628
Hobyo,5.3505,48.5268,23.58,72,18,7.96,SO,1612226628
Quatre Cocos,-20.2078,57.7625,27.0,83,75,5.14,MU,1612226629
Erzincan Province,39.75,39.5,-5.0,93,0,1.54,TR,1612226629
Asău,46.4333,26.4,-1.67,65,100,0.18,RO,1612226629
Porbandar,21.6422,69.6093,19.79,49,0,4.41,IN,1612226408
Lagoa,39.05,-27.9833,13.63,82,90,11.59,PT,1612226630
Quang Ngai,15.1167,108.8,20.86,83,64,2.45,VN,1612226630
Katsuura,35.1333,140.3,13.0,88,75,6.17,JP,1612226208
Cartagena,10.3997,-75.5144,28.0,74,40,2.57,CO,1612226335
Saldanha,-33.0117,17.9442,19.0,55,0,2.57,ZA,1612226157
Saint Paul Harbor,57.79,-152.4072,-1.0,55,1,6.17,US,1612225926
Gigmoto,13.7796,124.39,26.61,79,30,5.71,PH,1612226632
Manggar,-2.8833,108.2667,27.31,80,100,5.12,ID,1612226185
Bandiagara,14.3501,-3.6104,19.0,37,0,2.06,ML,1612226632
East London,-33.0153,27.9116,18.5,69,77,4.66,ZA,1612226197
Flinders,-34.5833,150.8552,24.44,68,40,3.6,AU,1612226199
Thaba Nchu,-29.2093,26.839,16.0,88,100,2.06,ZA,1612226592
Sedalia,38.7045,-93.2283,-1.0,80,90,4.12,US,1612226633
Ayan,56.45,138.1667,-33.54,70,100,6.44,RU,1612226634
San Carlos,9.6612,-68.5827,24.96,59,100,1.9,VE,1612226634
Biloela,-24.4167,150.5,30.52,28,0,3.48,AU,1612226634
Alofi,-19.0595,-169.9187,28.0,78,90,4.12,NU,1612226259
Adoni,15.6333,77.2833,18.55,79,0,3.16,IN,1612226635
Galle,6.0367,80.217,23.82,88,4,0.87,LK,1612226635
Noumea,-22.2763,166.4572,26.67,83,90,6.69,NC,1612225805
Chapais,49.7834,-74.8492,-12.0,92,75,2.06,CA,1612226635
León,21.1167,-101.6667,23.0,25,1,5.14,MX,1612226356
Chara,56.9064,118.2631,-36.64,69,63,0.25,RU,1612225930
Gwadar,25.1216,62.3254,18.6,74,0,2.52,PK,1612226636
Kruisfontein,-34.0033,24.7314,13.33,88,43,0.45,ZA,1612226154
Leningradskiy,69.3833,178.4167,-18.44,86,100,13.55,RU,1612226176
Kununurra,-15.7667,128.7333,29.0,84,93,2.06,AU,1612226201
Tura,25.5198,90.2201,12.03,58,0,1.06,IN,1612226637
Constitución,-35.3333,-72.4167,14.51,85,0,4.72,CL,1612226210
Mitsamiouli,-11.3847,43.2844,27.88,67,91,0.94,KM,1612226638
Barrow,71.2906,-156.7887,-31.0,76,1,5.14,US,1612226158
Salalah,17.0151,54.0924,18.0,68,0,2.57,OM,1612226260
Tuatapere,-46.1333,167.6833,23.02,49,100,1.12,NZ,1612226180
Verkhnevilyuysk,63.4453,120.3167,-43.46,77,69,2.36,RU,1612226639
Dunedin,-45.8742,170.5036,17.22,81,0,8.49,NZ,1612226256
Nouadhibou,20.931,-17.0347,17.0,88,0,6.17,MR,1612226193
Khovd,48.0056,91.6419,-15.93,84,46,0.55,MN,1612225876
Maple Creek,49.9168,-109.4848,4.0,56,36,5.66,CA,1612226358
Shirvan,39.9509,48.8994,5.9,94,0,1.19,AZ,1612226640
Arlit,18.7369,7.3853,17.05,24,0,1.8,NE,1612226641
Morant Bay,17.8815,-76.4093,27.0,74,40,4.12,JM,1612226252
Vangaindrano,-23.35,47.6,24.95,92,44,1.88,MG,1612226641
Souillac,-20.5167,57.5167,27.0,83,75,5.14,MU,1612226214
Prince Rupert,54.3161,-130.3201,6.0,70,1,2.57,CA,1612226546
Ewo,-0.8725,14.8206,23.28,84,33,1.93,CG,1612226642
Yushu,44.8,126.5333,-25.51,86,56,5.05,CN,1612226642
Beyneu,45.3167,55.2,3.78,82,0,4.48,KZ,1612226642
Roald,62.5833,6.1333,-2.0,93,90,1.54,NO,1612226243
Cayenne,4.9333,-52.3333,25.0,94,75,1.03,GF,1612226179
Maniago,46.1706,12.7078,3.33,88,98,0.68,IT,1612226643
Jining,35.405,116.5814,3.33,1,0,2.27,CN,1612226643
Adamantas,36.7333,24.4333,14.0,88,18,2.57,GR,1612226528
Adeje,28.1227,-16.726,19.44,77,0,5.14,ES,1612226644
Ikalamavony,-21.15,46.5833,21.21,83,4,1.77,MG,1612226644
Margate,51.3813,1.3862,5.0,85,100,0.89,GB,1612226523
Chokurdakh,70.6333,147.9167,-17.99,93,100,8.71,RU,1612226174
El Castillo,19.5333,-96.85,11.96,86,75,0.36,MX,1612226645
Vung Tau,10.346,107.0843,23.95,76,87,4.45,VN,1612226645
Vestmannaeyjar,63.4427,-20.2734,3.22,77,100,14.07,IS,1612226268
Barcelos,41.5388,-8.6151,14.0,94,75,5.14,PT,1612226646
Bonavista,48.6499,-53.1147,-1.67,86,100,2.06,CA,1612226646
Mahajanga,-15.7167,46.3167,27.0,94,40,1.39,MG,1612226646
Tsogni,-2.7942,10.0988,23.86,96,100,1.87,GA,1612226647
Saint-Pierre,-21.3393,55.4781,26.0,83,90,3.04,RE,1612226162
Ambanja,-13.6833,48.45,23.83,89,54,1.48,MG,1612226648
Abalak,58.1286,68.5944,-9.91,97,99,3.7,RU,1612226648
Vao,-22.6667,167.4833,23.98,81,100,12.17,NC,1612226200
Torbay,47.6666,-52.7314,-1.67,80,90,6.17,CA,1612226195
Port Hardy,50.6996,-127.4199,6.0,100,90,1.54,CA,1612226262
Dingle,10.9995,122.6711,26.82,81,40,4.98,PH,1612226284
Esperance,-33.8667,121.9,20.0,64,0,6.69,AU,1612226234
Nanning,22.8167,108.3167,16.0,94,98,1.0,CN,1612226650
Haverfordwest,51.8017,-4.9691,6.0,93,75,8.23,GB,1612226650
Ozernovskiy,51.5,156.5167,-7.53,91,100,0.89,RU,1612226180
Los Llanos de Aridane,28.6585,-17.9182,18.0,82,0,4.63,ES,1612226172
Campbell River,50.0163,-125.2446,6.11,100,90,3.09,CA,1612226461
Marrakesh,31.6315,-8.0083,13.0,62,0,2.06,MA,1612226571
Abu Kamal,34.4506,40.9171,10.0,56,0,2.5,SY,1612226651
Atocha,-20.9333,-66.2333,14.61,37,54,5.87,BO,1612226651
Hasaki,35.7333,140.8333,7.0,93,75,1.54,JP,1612226212
Port Lincoln,-34.7333,135.8667,17.7,63,73,6.62,AU,1612226241
Carutapera,-1.195,-46.02,25.77,86,100,3.32,BR,1612226653
Panjakent,39.4952,67.6093,7.0,93,90,1.03,TJ,1612226514
Lebu,-37.6167,-73.65,14.13,85,89,7.97,CL,1612226179
Isakly,54.1333,51.5333,-2.2,98,100,7.01,RU,1612226654
Kunashak,55.7032,61.5498,-7.0,73,20,3.0,RU,1612226654
Arawa,-6.2132,155.5367,27.86,80,100,4.04,PG,1612226654
Mattru,7.6244,-11.8332,23.56,92,0,0.89,SL,1612226654
Tazovsky,67.4667,78.7,-21.44,90,100,9.97,RU,1612226202
Bembèrèkè,10.2283,2.6634,21.28,22,0,1.92,BJ,1612226655
Saint George,37.1041,-113.5841,14.0,35,75,3.6,US,1612226162
Grand Gaube,-20.0064,57.6608,26.67,82,2,2.68,MU,1612226262
Luanda,-8.8368,13.2343,27.0,78,75,2.57,AO,1612226245
Rincon,32.296,-81.2354,7.0,57,90,6.17,US,1612226656
Tiradentes,-21.1103,-44.1781,19.6,92,100,1.64,BR,1612226656
Cockburn Town,21.4612,-71.1419,25.55,80,100,6.19,TC,1612226222
Astoria,46.1879,-123.8313,8.33,93,90,3.09,US,1612226657
Semikarakorsk,47.5194,40.8112,8.0,66,0,4.0,RU,1612226657
Vila Velha,-20.3297,-40.2925,26.0,78,20,3.6,BR,1612226241
Nanortalik,60.1432,-45.2371,-4.02,91,0,3.58,GL,1612226272
Piraquara,-25.4417,-49.0633,23.89,83,20,1.54,BR,1612226658
Yar-Sale,66.8333,70.8333,-11.36,96,100,6.22,RU,1612226658
Glenwood Springs,39.5505,-107.3248,1.67,50,90,4.63,US,1612226658
North Bend,43.4065,-124.2243,9.44,93,90,5.66,US,1612226658
Provideniya,64.3833,-173.3,-14.07,92,100,11.31,RU,1612226218
Xichang,27.8964,102.2634,8.89,38,2,0.62,CN,1612226659
Gilbués,-9.8317,-45.3439,22.52,81,100,0.89,BR,1612226659
Chulumani,-16.4096,-67.5263,18.81,78,100,0.62,BO,1612226659
Ilulissat,69.2167,-51.1,-13.0,72,75,9.26,GL,1612226211
Puerto Cabezas,14.0351,-83.3888,24.42,87,6,4.64,NI,1612226660
San Quintín,30.4833,-115.95,17.23,65,100,6.49,MX,1612226208
Viçosa do Ceará,-3.5622,-41.0922,20.35,97,100,1.43,BR,1612226661
Talaya,61.3833,152.75,-34.1,78,100,2.9,RU,1612226662
Ndélé,8.4109,20.6473,23.97,28,99,1.45,CF,1612226662
Paamiut,61.994,-49.6678,-10.51,93,49,5.99,GL,1612226663
Luk Pu,23.1742,112.2809,20.56,99,0,0.98,CN,1612226664
Evensk,61.95,159.2333,-22.4,89,100,5.56,RU,1612226232
Macheng,31.1783,115.0319,9.44,72,0,2.67,CN,1612226665
Salta,-24.7859,-65.4117,18.0,94,90,1.54,AR,1612226428
Sinnai,39.3042,9.2036,15.0,67,40,12.86,IT,1612226665
Zvishavane,-20.3267,30.0665,21.23,89,100,4.18,ZW,1612226667
Kidal,18.4411,1.4078,17.77,23,0,3.9,ML,1612226189
Ýpsonas,34.6884,32.9574,15.0,72,0,11.32,CY,1612226673
Sørland,67.667,12.6934,2.1,81,100,8.28,NO,1612226237
Kasganj,27.8167,78.65,10.68,50,0,1.17,IN,1612226674
Daşoguz,41.8363,59.9666,-4.0,80,0,2.06,TM,1612226674
Lakes Entrance,-37.8811,147.981,19.44,58,21,1.34,AU,1612226675
Los Andes,-32.8337,-70.5983,18.33,99,0,1.34,CL,1612226286
Severobaykal'sk,55.65,109.3167,-29.69,74,12,1.46,RU,1612226675
Ancud,-41.8697,-73.8203,17.0,59,0,4.63,CL,1612226283
Puerto Colombia,10.9878,-74.9547,26.0,83,0,2.57,CO,1612226676
Dolisie,-4.1997,12.6739,22.85,94,100,1.57,CG,1612226676
Itarema,-2.9248,-39.9167,25.99,80,100,5.94,BR,1612226676
Bambous Virieux,-20.3428,57.7575,27.0,83,75,5.14,MU,1612226256
Cap Malheureux,-19.9842,57.6142,26.67,81,4,2.24,MU,1612226677
Sur,22.5667,59.5289,18.69,76,0,1.68,OM,1612226215
Papayal,-4.0761,-80.7361,26.19,61,86,0.77,PE,1612226677
Nouakchott,18.0858,-15.9785,20.0,60,0,1.54,MR,1612226293
Manyana,-23.4,21.7167,20.12,85,80,2.94,BW,1612226678
Norman Wells,65.282,-126.8329,-28.0,69,90,6.69,CA,1612226169
Alberton,46.8168,-64.0654,-3.0,74,24,5.14,CA,1612226678
Launceston,-41.45,147.1667,20.56,45,8,3.6,AU,1612226489
Sandy Bay,-42.913,147.3532,20.56,36,40,4.63,AU,1612226679
Waitara,-38.925,174.25,21.11,66,1,2.68,NZ,1612226679
Rome,43.2128,-75.4557,-2.0,54,40,2.06,US,1612226679
General Pico,-35.6566,-63.7568,18.16,55,74,2.12,AR,1612226221
Klaksvík,62.2266,-6.589,3.0,65,40,5.66,FO,1612226184
Konstantinovka,49.6167,127.9833,-31.38,81,98,4.33,RU,1612226680
Harper,4.375,-7.7169,25.71,90,41,4.05,LR,1612226239
Tasiilaq,65.6145,-37.6368,-8.0,79,90,8.75,GL,1612226197
El Ángel,0.6167,-77.9333,7.13,100,100,1.55,EC,1612226681
Portland,45.5234,-122.6762,10.0,93,90,3.6,US,1612226594
Corumbá,-19.0092,-57.6533,26.47,70,15,1.05,BR,1612226454
Prokudskoye,55.0089,82.4574,-25.0,77,0,1.0,RU,1612226681
Kieta,-6.2167,155.6333,27.69,82,100,7.04,PG,1612226230
Juneau,58.3019,-134.4197,-5.0,86,90,3.65,US,1612226682
Havre-St-Pierre,50.2334,-63.5986,-14.0,85,1,1.03,CA,1612226241
Dickson,36.077,-87.3878,2.22,60,90,4.63,US,1612226682
Tank,32.2217,70.3793,13.81,35,100,2.2,PK,1612226682
Bengkulu,-3.8004,102.2655,25.4,83,93,2.35,ID,1612225957
Kermanshah,34.3142,47.065,-1.0,80,0,2.06,IR,1612226683
Kedrovyy,56.1667,91.8167,-32.0,75,20,1.35,RU,1612226683
Tilichiki,60.4667,166.1,-12.48,96,100,3.66,RU,1612225989
San Patricio,28.017,-97.5169,20.0,19,1,2.06,US,1612226280
Visby,57.6409,18.296,0.0,93,90,1.54,SE,1612226684
Kawalu,-7.3817,108.2082,25.65,78,87,1.38,ID,1612226684
Khatanga,71.9667,102.5,-34.68,83,0,4.48,RU,1612226178
Moyale,3.5167,39.0584,19.78,41,100,2.58,KE,1612226684
Akwatia,6.0402,-0.8088,24.43,90,14,1.19,GH,1612226653
Nuuk,64.1835,-51.7216,-11.0,62,75,6.17,GL,1612226685
Kudahuvadhoo,2.6708,72.8944,27.87,77,85,6.01,MV,1612226685
Chiredzi,-21.05,31.6667,22.84,94,100,6.13,ZW,1612226284
Sambava,-14.2667,50.1667,24.96,87,84,4.19,MG,1612226686
Bubaque,11.2833,-15.8333,25.79,75,78,3.27,GW,1612226686
Taunggyi,20.7833,97.0333,10.57,55,6,0.68,MM,1612226686
Djibo,14.1022,-1.6306,19.64,19,39,3.96,BF,1612226686
Port Pirie,-33.1833,138.0167,21.0,56,0,6.69,AU,1612226687
Tiksi,71.6872,128.8694,-28.8,88,100,5.48,RU,1612226215
Nyurba,63.2842,118.3319,-42.64,78,73,2.19,RU,1612226687
Leh,34.1667,77.5833,-16.2,73,18,0.88,IN,1612226687
Upata,8.0086,-62.3989,26.67,74,100,1.34,VE,1612226415
Banbury,52.0602,-1.3403,2.78,97,100,0.45,GB,1612226688
Platteville,42.7342,-90.4785,0.0,93,90,3.09,US,1612226430
Shenjiamen,29.9576,122.298,7.93,79,40,6.31,CN,1612226688
Hirtshals,57.5881,9.9592,-5.0,93,90,0.51,DK,1612226689
Sparks,39.5349,-119.7527,14.0,30,40,10.29,US,1612226689
Marabu,4.4148,114.0089,26.0,94,20,2.57,MY,1612226590
Turan,16.0678,108.2208,19.0,94,20,0.51,VN,1612226689
Kremenki,54.885,37.1261,-17.0,85,90,1.02,RU,1612226690
Oudtshoorn,-33.5907,22.2014,14.0,77,0,5.14,ZA,1612226690
Guerrero Negro,27.9769,-114.0611,18.82,46,100,6.03,MX,1612226216
Tepic,21.5,-104.9,23.0,64,1,4.12,MX,1612226691
Mossamedes,-15.1961,12.1522,22.53,75,64,1.47,AO,1612226155
Lagos,6.5833,3.75,26.06,88,0,2.04,NG,1612226516
Jiuquan,39.7432,98.5174,-6.56,65,0,0.75,CN,1612226692
Caculé,-14.5033,-42.2222,20.9,84,22,2.92,BR,1612226607
Mednogorskiy,43.9178,41.1825,4.44,63,40,3.18,RU,1612226692
Zvenigovo,55.9742,48.0181,-8.0,86,0,4.0,RU,1612226692
Bom Jesus,-9.0744,-44.3586,21.04,88,17,1.05,BR,1612226692
Enfield,-34.8526,138.6026,21.67,46,75,7.72,AU,1612226693
Narsaq,60.9167,-46.05,-3.0,80,11,1.54,GL,1612226693
Faya,18.3851,42.4509,12.0,71,0,1.15,SA,1612226286
Isangel,-19.55,169.2667,28.0,83,90,4.12,VU,1612226205
Saint-Augustin,51.226,-58.6502,-9.58,91,0,3.11,CA,1612226288
Grand-Santi,4.25,-54.3833,22.6,96,90,1.24,GF,1612226694
Zhangjiakou,40.81,114.8794,-12.2,58,0,2.69,CN,1612226694
Coquimbo,-29.9533,-71.3436,16.0,82,0,4.63,CL,1612226264
Marsá Maţrūḩ,31.3525,27.2453,15.0,41,0,2.57,EG,1612226243
Bereda,43.2686,-7.5406,12.22,99,100,5.81,ES,1612226695
Bilma,18.6853,12.9164,13.98,27,0,1.6,NE,1612226213
Kalga,50.9251,118.898,-32.68,79,0,1.63,RU,1612226695
Lompoc,34.6391,-120.4579,15.0,72,1,5.66,US,1612226206
Perbaungan,3.5679,98.956,24.0,100,40,1.54,ID,1612226696
Mahmudābād,27.3,81.1167,8.0,93,90,0.65,IN,1612226696
Acajutla,13.5928,-89.8275,26.0,44,0,3.09,SV,1612226178
Sidhi,24.4167,81.8833,9.84,47,0,1.4,IN,1612226696
Lukoyanov,55.0277,44.4786,-6.3,98,100,1.87,RU,1612226697
Nūh,28.1167,77.0167,11.0,100,0,0.81,IN,1612226697
Madisonville,37.3281,-87.4989,1.11,64,1,3.09,US,1612226576
Tete,-16.1564,33.5867,24.0,100,75,1.03,MZ,1612226549
Porto Belo,-27.1578,-48.5531,26.0,94,40,2.57,BR,1612226698
Nishihara,26.1842,127.7558,22.0,68,20,4.12,JP,1612226698
Chokwé,-24.5333,32.9833,21.74,94,100,7.45,MZ,1612226546
Shizunai-furukawachō,42.3339,142.3669,1.64,83,20,12.33,JP,1612226699
Kayes,14.0,-11.0,22.37,16,0,1.57,ML,1612226699
Tondano,1.3038,124.9112,27.0,83,40,1.03,ID,1612226700
Lamu,-2.2717,40.902,25.0,83,20,1.54,KE,1612226255
Guarujá,-23.9931,-46.2564,28.33,26,100,2.74,BR,1612226700
Port Blair,11.6667,92.75,25.21,77,0,5.07,IN,1612226177
Ashta,23.0167,76.7167,14.18,34,0,1.28,IN,1612226701
Barabash,43.2,131.4833,-18.0,46,0,5.0,RU,1612226701
Khani,41.9563,42.9566,11.0,43,0,4.63,GE,1612226701
Sandakan,5.8402,118.1179,25.0,100,40,3.09,MY,1612226703
Ulladulla,-35.35,150.4667,21.67,68,40,3.6,AU,1612226703
Broome,42.2506,-75.833,-3.89,86,90,5.66,US,1612225955
George,-33.963,22.4617,14.0,77,0,5.14,ZA,1612226704
Nakusp,50.2499,-117.8023,2.0,93,100,0.51,CA,1612226704
Pangai,-19.8,-174.35,29.0,79,75,5.14,TO,1612226183
Ostrovnoy,68.0531,39.5131,-7.91,96,100,4.04,RU,1612226192
Karatau,43.1667,70.4667,0.99,92,100,1.03,KZ,1612226705
Umm Hājar,13.2954,19.6966,22.11,21,0,3.82,TD,1612226705
São Félix do Xingu,-6.6447,-51.995,22.79,90,0,0.82,BR,1612226706
Touros,-5.1989,-35.4608,26.0,78,20,3.09,BR,1612226228
Novaya Tavolzhanka,50.3512,36.8298,-1.0,100,90,2.0,RU,1612226706
Heyang,26.1011,107.473,8.53,93,100,1.54,CN,1612226707
Deputatsky,69.3,139.9,-33.12,87,100,2.85,RU,1612226243
Szilvásvárad,48.1,20.4,-3.1,94,62,0.35,HU,1612226707
Kandrian,-6.2167,149.55,30.91,62,99,6.82,PG,1612226708
Burnie,-41.0667,145.9167,16.11,50,0,9.83,AU,1612226708
Lata,40.1629,-8.3327,13.89,95,92,0.45,PT,1612226174
Dārāb,28.7519,54.5444,9.13,41,0,2.53,IR,1612226709
Bethel,41.3712,-73.414,-1.0,93,90,8.23,US,1612226184
Bandarbeyla,9.4942,50.8122,22.48,67,80,7.85,SO,1612226695
Natal,-5.795,-35.2094,26.0,78,40,3.09,BR,1612226409
Amahai,-3.3333,128.9167,29.96,61,77,1.1,ID,1612226709
Klerksdorp,-26.8521,26.6667,17.78,86,100,8.29,ZA,1612226465
Am Timan,11.0297,20.2827,23.35,23,0,1.89,TD,1612226710
Colac,-38.3333,143.5833,14.44,76,12,0.45,AU,1612226224
Cabo San Lucas,22.8909,-109.9124,21.11,73,75,4.63,MX,1612226181
Kushima,31.4583,131.2333,11.0,76,75,7.2,JP,1612226711
Odemira,37.598,-8.6397,14.44,100,100,0.45,PT,1612226711
Thunder Bay,48.4001,-89.3168,-2.0,74,90,2.06,CA,1612226274
Sol'vychegodsk,61.3305,46.9156,-7.83,96,87,3.54,RU,1612226712
Paratinga,-12.6906,-43.1842,23.41,71,47,1.36,BR,1612226712
Katima Mulilo,-17.5,24.2667,20.14,96,100,1.72,NA,1612226712
Ghanzi,-21.5667,21.7833,19.7,91,100,4.66,BW,1612226713
Enid,36.3956,-97.8784,9.0,53,1,3.27,US,1612226530
Hirara,24.8,125.2833,21.0,73,75,1.03,JP,1612226713
Luyang,27.6239,110.0989,9.26,91,100,1.42,CN,1612226714
Yangi Marg`ilon,40.4272,71.7189,1.0,80,100,3.09,UZ,1612226714
Korla,41.7597,86.1469,-4.97,81,100,0.96,CN,1612226216
Kaitangata,-46.2817,169.8464,19.44,74,69,3.58,NZ,1612226230
Xai-Xai,-25.0519,33.6442,23.8,87,100,10.32,MZ,1612226715
Srandakan,-7.9386,110.2506,27.62,74,12,1.56,ID,1612226715
Kasempa,-13.4584,25.8338,18.29,94,100,3.11,ZM,1612226716
Berja,36.8469,-2.9497,13.33,94,3,3.09,ES,1612226716
Tual,-5.6667,132.75,28.38,75,100,5.72,ID,1612226716
Yarim,14.298,44.3779,7.72,52,0,2.93,YE,1612226716
Mpika,-11.8343,31.4529,16.64,97,100,1.56,ZM,1612226716
Taoudenni,22.6783,-3.9836,20.12,25,6,4.66,ML,1612226212
Grindavik,63.8424,-22.4338,0.0,80,75,5.66,IS,1612226717
Muyezerskiy,63.9333,31.65,-14.22,95,79,1.08,RU,1612226718
La Ronge,55.1001,-105.2842,-9.0,86,90,4.12,CA,1612226195
Novy Urengoy,66.0833,76.6333,-18.09,92,100,9.25,RU,1612226718
Lukovetskiy,64.2956,41.9211,-6.0,86,90,3.0,RU,1612226718
Chul'man,56.8479,124.9104,-35.29,79,100,6.06,RU,1612226719
Fort Frances,48.5999,-93.4003,-6.67,79,90,0.87,CA,1612226719
Preobrazheniye,42.9019,133.9064,-16.34,80,0,4.83,RU,1612226719
Petropavlovsk-Kamchatskiy,53.0452,158.6483,-7.0,38,0,6.0,RU,1612225886
San Buenaventura,27.0833,-101.5333,16.17,37,95,3.93,MX,1612226713
Saint-François,46.4154,3.9054,10.0,93,75,5.14,FR,1612226720
Sioux Lookout,50.1001,-91.917,-7.0,86,90,1.54,CA,1612226544
Ketchikan,55.3422,-131.6461,3.0,93,90,2.06,US,1612226211
Seoul,37.5683,126.9778,-6.0,35,0,3.6,KR,1612226474
Kalabo,-14.97,22.6814,20.07,93,100,3.22,ZM,1612226721
Keti Bandar,24.1447,67.4497,19.67,89,0,3.88,PK,1612226721
Comarapa,-17.9,-64.4833,15.9,98,100,1.13,BO,1612226722
Olafsvik,64.8945,-23.7142,1.72,81,100,5.58,IS,1612226194
Batagay,67.6333,134.6333,-42.83,77,100,0.52,RU,1612226722
Hay River,60.8156,-115.7999,-19.0,78,100,6.17,CA,1612226196
Khrystynivka,48.8249,29.9681,-3.91,98,100,3.08,UA,1612226723
Zinder,13.8072,8.9881,19.5,21,0,3.63,NE,1612226723
Kichera,55.9375,110.0997,-31.18,66,0,0.92,RU,1612226111
Buraidah,26.326,43.975,14.0,47,0,3.09,SA,1612226724
Bahía Honda,22.9036,-83.1592,19.94,70,19,7.14,CU,1612226724
Berlevåg,70.8578,29.0864,-2.74,93,100,6.58,NO,1612226253
Shihezi,44.3,86.0333,-13.17,89,100,0.34,CN,1612226183
Araouane,18.9048,-3.5265,19.58,22,5,3.78,ML,1612226725
Along,28.1667,94.7667,8.81,58,0,0.85,IN,1612226725
Porkhov,57.765,29.5561,-7.0,93,58,4.0,RU,1612226726
Morinville,53.8001,-113.652,-10.0,79,20,1.03,CA,1612226726
Torquay,50.4638,-3.5143,11.11,1,100,1.34,GB,1612226592
Aklavik,68.2191,-135.0107,-28.0,76,100,1.54,CA,1612226162
Pisco,-13.7,-76.2167,22.0,68,40,8.23,PE,1612226291
São José da Coroa Grande,-8.8978,-35.1478,25.61,81,49,3.77,BR,1612226727
Houston,29.7633,-95.3633,16.0,25,40,5.14,US,1612226495
Dukhovnitskoye,52.4828,48.2137,2.07,97,100,10.11,RU,1612226728
Zhanjiang,21.2815,110.3427,19.43,79,0,2.94,CN,1612226728
Cedar City,37.6775,-113.0619,7.0,42,90,5.66,US,1612226729
Pakokku,21.3333,95.1,15.67,51,25,1.59,MM,1612226729
Athabasca,54.7169,-113.2854,-11.0,78,59,0.51,CA,1612226671
Siderópolis,-28.5978,-49.4244,21.47,88,0,1.13,BR,1612226729
Methóni,36.8197,21.7049,12.78,100,56,0.51,GR,1612226730
Geraldton,-28.7667,114.6,26.0,57,90,9.77,AU,1612226172
Saint-Joseph,-21.3667,55.6167,26.0,83,90,3.92,RE,1612226219
Pioner,55.3166,85.9508,-25.0,77,16,3.0,RU,1612226731
Mgandu,-5.95,34.1333,15.88,98,100,1.85,TZ,1612226731
Makakilo City,21.3469,-158.0858,25.56,83,90,5.34,US,1612226731
Yorkton,51.2167,-102.4677,-8.0,93,90,6.17,CA,1612226732
Scarborough,54.2797,-0.4044,3.33,80,100,0.45,GB,1612226589
Atagay,55.1033,99.3875,-25.22,86,97,1.07,RU,1612226733
Key Largo,25.0865,-80.4473,18.33,71,34,5.36,US,1612226558
Soe,-9.8607,124.284,24.42,76,100,2.91,ID,1612226733
Bestöbe,52.4994,73.0975,-15.98,89,0,3.4,KZ,1612226470
Fortuna,40.5982,-124.1573,12.22,100,90,2.06,US,1612226214
Luorong,24.4058,109.6086,16.66,65,47,3.0,CN,1612226734
Turukhansk,65.8167,87.9833,-22.66,87,100,3.78,RU,1612226295
Tame,6.461,-71.73,25.85,59,99,1.58,CO,1612226734
Kavaratti,10.5669,72.642,27.48,72,0,4.11,IN,1612226253
Bitung,1.4451,125.1824,27.0,83,40,1.03,ID,1612226735
Gari,59.4307,62.3497,-9.12,94,0,4.91,RU,1612226735
Brest,52.1,23.7,-8.62,96,100,4.12,BY,1612226735
Mount Isa,-20.7333,139.5,34.0,40,4,4.63,AU,1612226172
Coyhaique,-45.5752,-72.0662,18.0,48,0,2.57,CL,1612226380
Lavrentiya,65.5833,-171.0,-13.28,88,100,9.7,RU,1612226170
Dicabisagan,17.0818,122.4157,24.32,78,99,2.34,PH,1612226736
Half Moon Bay,37.4636,-122.4286,16.0,87,90,8.75,US,1612226589
Cap-Chat,49.1001,-66.6821,-11.0,85,0,2.57,CA,1612226736
La Ciotat,43.1748,5.6045,13.33,76,66,2.68,FR,1612226737
Hamburg,53.55,10.0,-1.67,100,90,2.57,DE,1612226550
Batemans Bay,-35.7167,150.1833,21.11,54,82,3.58,AU,1612226737
Powell River,49.8496,-124.5361,6.11,93,90,2.06,CA,1612226589
Bima,-8.4667,118.7167,28.75,76,73,1.16,ID,1612226738
Tomatlán,19.9333,-105.25,23.03,88,65,1.29,MX,1612226738
Santiago,-33.4569,-70.6483,22.0,49,20,3.6,CL,1612226354
Hofn,64.2539,-15.2082,0.69,87,100,5.25,IS,1612226194
Marsaxlokk,35.8419,14.5431,14.44,88,20,6.17,MT,1612226185
Champasak,14.75,106.0,20.0,83,40,1.03,LA,1612226739
Province of Mantua,45.1667,10.7833,2.78,100,0,2.06,IT,1612226740
Gizo Government Station,-8.103,156.8419,27.67,81,100,8.42,SB,1612226740
Opuwo,-18.0607,13.84,18.85,40,59,1.87,NA,1612226740
Gurupá,-1.405,-51.64,24.22,91,89,1.9,BR,1612226740
San Rafael del Sur,11.8485,-86.4384,31.0,48,20,3.09,NI,1612226741
Nānākuli,21.3906,-158.1547,25.56,83,90,4.07,US,1612226741
Makarov,48.6333,142.8,-16.76,90,100,2.5,RU,1612226741
Vidisha,23.5333,77.8167,10.0,87,0,2.06,IN,1612226742
Kon Tum,14.35,108.0,18.9,65,18,1.22,VN,1612226742
Bac Lieu,9.285,105.7244,25.43,74,89,6.58,VN,1612226247
Chabahar,25.2919,60.643,19.55,72,0,3.04,IR,1612226743
Francisco Sá,-16.4758,-43.4883,22.3,74,97,4.41,BR,1612226743
Palana,59.1167,159.9667,-22.29,93,100,3.77,RU,1612226743
Ugoofaaru,5.6667,73.0,28.45,74,52,9.13,MV,1612226744
Doha,25.2867,51.5333,17.0,77,0,3.09,QA,1612226744
Alyangula,-13.8483,136.4192,31.0,66,40,3.6,AU,1612226744
Mundo Nuevo (Ojo de Agua),18.7,-95.5,21.7,71,26,9.33,MX,1612226745
Santa Marinella,42.0345,11.8536,8.33,96,60,1.98,IT,1612226745
College,64.8569,-147.8028,-23.0,64,1,2.57,US,1612226285
Bilibino,68.0546,166.4372,-19.35,86,100,3.71,RU,1612226745
Fershampenuaz,53.5202,59.8117,-6.39,96,100,3.33,RU,1612226746
San Policarpo,12.1791,125.5072,26.9,85,100,6.03,PH,1612226196
Morgan City,29.6994,-91.2068,12.0,47,1,4.12,US,1612226746
Ishigaki,24.3448,124.1572,20.0,83,20,1.03,JP,1612226746
Mareeba,-17.0,145.4333,31.67,66,100,0.89,AU,1612226747
São Filipe,14.8961,-24.4956,22.29,75,0,3.91,CV,1612226154
Cananéia,-25.0147,-47.9267,24.31,89,100,2.28,BR,1612226747
Luau,-10.7073,22.2247,18.06,96,100,1.17,AO,1612226747
Safi,32.2994,-9.2372,14.07,85,0,6.42,MA,1612226236
Castleblayney,54.1167,-6.7333,5.0,91,100,4.02,IE,1612226748
Homer,59.6425,-151.5483,-6.0,38,1,6.69,US,1612226049
Tottori-shi,35.5,134.2333,10.0,43,20,7.72,JP,1612226521
Ilula,-7.6766,36.0366,15.58,90,100,0.99,TZ,1612226748
Dondo,-19.6094,34.7431,28.0,89,20,2.57,MZ,1612226749
Yerbogachën,61.2767,108.0108,-39.48,78,0,1.58,RU,1612226749
Padang,-0.9492,100.3543,24.0,94,40,1.03,ID,1612226242
Örnsköldsvik,63.2909,18.7153,-13.0,92,75,2.06,SE,1612226750
La Reforma,18.1,-91.0167,19.73,78,0,4.69,MX,1612226750
Sæby,57.3319,10.5225,-5.0,93,90,0.51,DK,1612226750
Hollister,36.8525,-121.4016,16.11,63,1,3.6,US,1612226750
Turaif,31.6725,38.6637,8.0,76,0,6.17,SA,1612226197
Mezen',65.8522,44.24,-10.05,96,100,3.13,RU,1612226751
Nizhniy Tsasuchey,50.5167,115.1333,-28.78,80,0,3.18,RU,1612226751
Tonekābon,36.8163,50.8738,8.0,100,0,2.06,IR,1612226752
Vestmanna,62.1564,-7.1664,3.0,65,40,5.66,FO,1612226178
Zhigansk,66.7697,123.3711,-44.17,76,53,3.59,RU,1612226278
Kadirli,37.3739,36.0961,10.0,75,49,6.71,TR,1612226752
Griffith,41.5284,-87.4237,-0.56,80,1,2.06,US,1612226753
Kéfalos,36.7453,26.9589,17.0,77,20,8.75,GR,1612226753
Adré,13.4667,22.2,19.21,27,0,2.34,TD,1612226753
Mayo,38.8876,-76.5119,1.0,93,90,5.14,US,1612226753
Swan Hill,-35.3378,143.5544,22.06,39,0,6.01,AU,1612226490
Sattahip,12.6664,100.9007,21.0,88,0,1.03,TH,1612226754
Dubbo,-32.25,148.6167,23.0,60,75,2.57,AU,1612226754
Wanaka,-44.7,169.15,24.25,32,2,1.49,NZ,1612226187
Forrest City,35.0081,-90.7898,4.0,80,90,3.6,US,1612226755
Atar,20.5169,-13.0499,20.67,21,1,3.17,MR,1612226530
Victor Harbor,-35.5667,138.6167,18.33,60,81,0.89,AU,1612226614
Bathsheba,13.2167,-59.5167,26.0,61,20,9.26,BB,1612226158
Poninka,50.1849,27.5363,-8.72,97,17,2.27,UA,1612226755
Najrān,17.4924,44.1277,13.0,44,0,0.47,SA,1612226756
Luwingu,-10.2621,29.9271,17.1,97,100,1.13,ZM,1612226756
Waingapu,-9.6567,120.2641,28.53,73,87,6.59,ID,1612226756
Salinas,36.6777,-121.6555,19.0,55,1,4.12,US,1612226756
Ensley,30.5188,-87.2728,8.33,53,75,6.17,US,1612226757
Nioro,13.35,-15.75,23.26,18,48,0.77,GM,1612226757
Ginda,30.6945,78.4932,4.96,39,0,3.01,IN,1612226757
Kaeo,-35.1,173.7833,22.34,50,0,4.81,NZ,1612226757
Bucerías,20.75,-105.3333,23.0,83,20,3.6,MX,1612226569
Caravelas,-17.7125,-39.2481,24.32,85,100,2.23,BR,1612226243
South Lake Tahoe,38.9332,-119.9844,8.0,45,1,6.17,US,1612226758
Alexandria,31.2156,29.9553,14.78,70,51,4.22,EG,1612226740
Narón,43.5167,-8.1528,15.56,82,90,7.2,ES,1612226759
Mahon,39.8885,4.2658,13.0,76,0,3.09,ES,1612226759
Kärdla,58.9978,22.7492,-0.56,92,100,3.58,EE,1612226759
Knysna,-34.0363,23.0471,14.0,77,0,5.14,ZA,1612226760
Khanbari,27.3747,87.2039,8.33,55,0,1.09,NP,1612226760
